[{"id":1,"price_us":568,"name":"Pontiac"},
{"id":2,"price_us":616,"name":"Hyundai"},
{"id":3,"price_us":318,"name":"Nissan"},
{"id":4,"price_us":260,"name":"Maserati"},
{"id":5,"price_us":806,"name":"Mazda"},
{"id":6,"price_us":588,"name":"Jeep"},
{"id":7,"price_us":673,"name":"Volvo"},
{"id":8,"price_us":365,"name":"Subaru"},
{"id":9,"price_us":144,"name":"Pontiac"},
{"id":10,"price_us":149,"name":"Subaru"},
{"id":11,"price_us":344,"name":"Chevrolet"},
{"id":12,"price_us":769,"name":"Land Rover"},
{"id":13,"price_us":354,"name":"Saturn"},
{"id":14,"price_us":910,"name":"Saturn"},
{"id":15,"price_us":754,"name":"Dodge"},
{"id":16,"price_us":876,"name":"Pontiac"},
{"id":17,"price_us":842,"name":"Acura"},
{"id":18,"price_us":441,"name":"Hyundai"},
{"id":19,"price_us":784,"name":"Volvo"},
{"id":20,"price_us":952,"name":"Audi"},
{"id":21,"price_us":138,"name":"Chevrolet"},
{"id":22,"price_us":120,"name":"Nissan"},
{"id":23,"price_us":500,"name":"Toyota"},
{"id":24,"price_us":408,"name":"Mercury"},
{"id":25,"price_us":593,"name":"GMC"},
{"id":26,"price_us":228,"name":"Jeep"},
{"id":27,"price_us":302,"name":"Dodge"},
{"id":28,"price_us":775,"name":"Mitsubishi"},
{"id":29,"price_us":195,"name":"Jeep"},
{"id":30,"price_us":925,"name":"Buick"},
{"id":31,"price_us":592,"name":"Pontiac"},
{"id":32,"price_us":694,"name":"Acura"},
{"id":33,"price_us":465,"name":"Mazda"},
{"id":34,"price_us":767,"name":"Saturn"},
{"id":35,"price_us":493,"name":"Mitsubishi"},
{"id":36,"price_us":962,"name":"Acura"},
{"id":37,"price_us":592,"name":"Dodge"},
{"id":38,"price_us":925,"name":"Chrysler"},
{"id":39,"price_us":269,"name":"Toyota"},
{"id":40,"price_us":191,"name":"Volvo"},
{"id":41,"price_us":440,"name":"Oldsmobile"},
{"id":42,"price_us":720,"name":"Toyota"},
{"id":43,"price_us":167,"name":"Dodge"},
{"id":44,"price_us":639,"name":"Mazda"},
{"id":45,"price_us":309,"name":"Honda"},
{"id":46,"price_us":223,"name":"Acura"},
{"id":47,"price_us":561,"name":"Mercedes-Benz"},
{"id":48,"price_us":298,"name":"Maserati"},
{"id":49,"price_us":451,"name":"GMC"},
{"id":50,"price_us":584,"name":"Plymouth"},
{"id":51,"price_us":185,"name":"MINI"},
{"id":52,"price_us":961,"name":"Maybach"},
{"id":53,"price_us":218,"name":"Alfa Romeo"},
{"id":54,"price_us":527,"name":"Kia"},
{"id":55,"price_us":840,"name":"Pontiac"},
{"id":56,"price_us":699,"name":"Nissan"},
{"id":57,"price_us":686,"name":"Ford"},
{"id":58,"price_us":121,"name":"Kia"},
{"id":59,"price_us":292,"name":"Mitsubishi"},
{"id":60,"price_us":791,"name":"Hyundai"},
{"id":61,"price_us":721,"name":"Hyundai"},
{"id":62,"price_us":615,"name":"Lamborghini"},
{"id":63,"price_us":490,"name":"Mazda"},
{"id":64,"price_us":692,"name":"Ford"},
{"id":65,"price_us":697,"name":"Mitsubishi"},
{"id":66,"price_us":913,"name":"Chevrolet"},
{"id":67,"price_us":660,"name":"Chevrolet"},
{"id":68,"price_us":938,"name":"BMW"},
{"id":69,"price_us":767,"name":"Dodge"},
{"id":70,"price_us":733,"name":"Pontiac"},
{"id":71,"price_us":727,"name":"Plymouth"},
{"id":72,"price_us":258,"name":"Land Rover"},
{"id":73,"price_us":356,"name":"Volkswagen"},
{"id":74,"price_us":557,"name":"Chevrolet"},
{"id":75,"price_us":439,"name":"Acura"},
{"id":76,"price_us":333,"name":"Saturn"},
{"id":77,"price_us":487,"name":"BMW"},
{"id":78,"price_us":374,"name":"Audi"},
{"id":79,"price_us":161,"name":"Chevrolet"},
{"id":80,"price_us":892,"name":"Land Rover"},
{"id":81,"price_us":932,"name":"Chrysler"},
{"id":82,"price_us":320,"name":"Mercedes-Benz"},
{"id":83,"price_us":149,"name":"Jaguar"},
{"id":84,"price_us":800,"name":"Acura"},
{"id":85,"price_us":371,"name":"GMC"},
{"id":86,"price_us":451,"name":"Honda"},
{"id":87,"price_us":525,"name":"Chevrolet"},
{"id":88,"price_us":761,"name":"Honda"},
{"id":89,"price_us":980,"name":"Mercedes-Benz"},
{"id":90,"price_us":595,"name":"BMW"},
{"id":91,"price_us":610,"name":"Honda"},
{"id":92,"price_us":644,"name":"Ford"},
{"id":93,"price_us":556,"name":"Hyundai"},
{"id":94,"price_us":730,"name":"BMW"},
{"id":95,"price_us":937,"name":"Volkswagen"},
{"id":96,"price_us":247,"name":"Suzuki"},
{"id":97,"price_us":881,"name":"Ford"},
{"id":98,"price_us":605,"name":"Mercedes-Benz"},
{"id":99,"price_us":344,"name":"Toyota"},
{"id":100,"price_us":630,"name":"Dodge"},
{"id":101,"price_us":109,"name":"Toyota"},
{"id":102,"price_us":844,"name":"Suzuki"},
{"id":103,"price_us":446,"name":"Ford"},
{"id":104,"price_us":588,"name":"Suzuki"},
{"id":105,"price_us":183,"name":"Toyota"},
{"id":106,"price_us":893,"name":"Maserati"},
{"id":107,"price_us":709,"name":"Mitsubishi"},
{"id":108,"price_us":809,"name":"Dodge"},
{"id":109,"price_us":658,"name":"Chevrolet"},
{"id":110,"price_us":250,"name":"Honda"},
{"id":111,"price_us":244,"name":"Kia"},
{"id":112,"price_us":781,"name":"Mercedes-Benz"},
{"id":113,"price_us":606,"name":"Maserati"},
{"id":114,"price_us":488,"name":"Buick"},
{"id":115,"price_us":530,"name":"Chevrolet"},
{"id":116,"price_us":724,"name":"Suzuki"},
{"id":117,"price_us":317,"name":"Pontiac"},
{"id":118,"price_us":246,"name":"Isuzu"},
{"id":119,"price_us":427,"name":"GMC"},
{"id":120,"price_us":438,"name":"Dodge"},
{"id":121,"price_us":264,"name":"Volvo"},
{"id":122,"price_us":909,"name":"Volvo"},
{"id":123,"price_us":630,"name":"Ford"},
{"id":124,"price_us":376,"name":"Mazda"},
{"id":125,"price_us":842,"name":"Chevrolet"},
{"id":126,"price_us":368,"name":"Dodge"},
{"id":127,"price_us":146,"name":"Acura"},
{"id":128,"price_us":286,"name":"Volkswagen"},
{"id":129,"price_us":816,"name":"Hyundai"},
{"id":130,"price_us":576,"name":"Isuzu"},
{"id":131,"price_us":549,"name":"Volvo"},
{"id":132,"price_us":731,"name":"Honda"},
{"id":133,"price_us":344,"name":"Nissan"},
{"id":134,"price_us":850,"name":"Volkswagen"},
{"id":135,"price_us":204,"name":"Chevrolet"},
{"id":136,"price_us":169,"name":"Mercedes-Benz"},
{"id":137,"price_us":643,"name":"Ford"},
{"id":138,"price_us":797,"name":"Chevrolet"},
{"id":139,"price_us":984,"name":"Dodge"},
{"id":140,"price_us":867,"name":"Lamborghini"},
{"id":141,"price_us":464,"name":"Mercedes-Benz"},
{"id":142,"price_us":786,"name":"Audi"},
{"id":143,"price_us":296,"name":"Mercedes-Benz"},
{"id":144,"price_us":773,"name":"Volvo"},
{"id":145,"price_us":731,"name":"Ford"},
{"id":146,"price_us":703,"name":"Mercury"},
{"id":147,"price_us":801,"name":"Chevrolet"},
{"id":148,"price_us":191,"name":"Pontiac"},
{"id":149,"price_us":146,"name":"Infiniti"},
{"id":150,"price_us":270,"name":"Chevrolet"},
{"id":151,"price_us":636,"name":"Audi"},
{"id":152,"price_us":881,"name":"GMC"},
{"id":153,"price_us":496,"name":"Cadillac"},
{"id":154,"price_us":590,"name":"Mercedes-Benz"},
{"id":155,"price_us":252,"name":"Chrysler"},
{"id":156,"price_us":751,"name":"Infiniti"},
{"id":157,"price_us":828,"name":"Eagle"},
{"id":158,"price_us":850,"name":"Saab"},
{"id":159,"price_us":679,"name":"Audi"},
{"id":160,"price_us":121,"name":"Nissan"},
{"id":161,"price_us":748,"name":"Honda"},
{"id":162,"price_us":432,"name":"Acura"},
{"id":163,"price_us":497,"name":"BMW"},
{"id":164,"price_us":734,"name":"Geo"},
{"id":165,"price_us":202,"name":"Ferrari"},
{"id":166,"price_us":808,"name":"Ford"},
{"id":167,"price_us":873,"name":"Ford"},
{"id":168,"price_us":641,"name":"Buick"},
{"id":169,"price_us":667,"name":"Toyota"},
{"id":170,"price_us":839,"name":"Porsche"},
{"id":171,"price_us":189,"name":"Daewoo"},
{"id":172,"price_us":463,"name":"Nissan"},
{"id":173,"price_us":190,"name":"GMC"},
{"id":174,"price_us":234,"name":"Ford"},
{"id":175,"price_us":608,"name":"Nissan"},
{"id":176,"price_us":931,"name":"Volvo"},
{"id":177,"price_us":416,"name":"Audi"},
{"id":178,"price_us":479,"name":"Cadillac"},
{"id":179,"price_us":334,"name":"Chrysler"},
{"id":180,"price_us":827,"name":"GMC"},
{"id":181,"price_us":414,"name":"Land Rover"},
{"id":182,"price_us":801,"name":"Suzuki"},
{"id":183,"price_us":227,"name":"Mazda"},
{"id":184,"price_us":547,"name":"Chevrolet"},
{"id":185,"price_us":632,"name":"Lexus"},
{"id":186,"price_us":894,"name":"Subaru"},
{"id":187,"price_us":732,"name":"Holden"},
{"id":188,"price_us":986,"name":"Mazda"},
{"id":189,"price_us":715,"name":"Volkswagen"},
{"id":190,"price_us":157,"name":"Lexus"},
{"id":191,"price_us":260,"name":"Dodge"},
{"id":192,"price_us":515,"name":"Dodge"},
{"id":193,"price_us":308,"name":"Nissan"},
{"id":194,"price_us":555,"name":"Aston Martin"},
{"id":195,"price_us":380,"name":"Kia"},
{"id":196,"price_us":683,"name":"Mercedes-Benz"},
{"id":197,"price_us":417,"name":"GMC"},
{"id":198,"price_us":654,"name":"Saab"},
{"id":199,"price_us":471,"name":"Pontiac"},
{"id":200,"price_us":187,"name":"Mazda"},
{"id":201,"price_us":590,"name":"Toyota"},
{"id":202,"price_us":622,"name":"Ford"},
{"id":203,"price_us":472,"name":"Ford"},
{"id":204,"price_us":610,"name":"Mazda"},
{"id":205,"price_us":894,"name":"Ford"},
{"id":206,"price_us":292,"name":"Lexus"},
{"id":207,"price_us":456,"name":"Ford"},
{"id":208,"price_us":322,"name":"Toyota"},
{"id":209,"price_us":937,"name":"Toyota"},
{"id":210,"price_us":497,"name":"Toyota"},
{"id":211,"price_us":519,"name":"GMC"},
{"id":212,"price_us":311,"name":"Subaru"},
{"id":213,"price_us":969,"name":"Jaguar"},
{"id":214,"price_us":586,"name":"BMW"},
{"id":215,"price_us":942,"name":"BMW"},
{"id":216,"price_us":862,"name":"Alfa Romeo"},
{"id":217,"price_us":930,"name":"Lincoln"},
{"id":218,"price_us":579,"name":"Dodge"},
{"id":219,"price_us":896,"name":"Audi"},
{"id":220,"price_us":703,"name":"Pontiac"},
{"id":221,"price_us":292,"name":"BMW"},
{"id":222,"price_us":818,"name":"Dodge"},
{"id":223,"price_us":552,"name":"Mitsubishi"},
{"id":224,"price_us":471,"name":"Toyota"},
{"id":225,"price_us":626,"name":"Buick"},
{"id":226,"price_us":470,"name":"Ford"},
{"id":227,"price_us":318,"name":"Mercedes-Benz"},
{"id":228,"price_us":708,"name":"Mercedes-Benz"},
{"id":229,"price_us":330,"name":"Volvo"},
{"id":230,"price_us":769,"name":"Lexus"},
{"id":231,"price_us":441,"name":"GMC"},
{"id":232,"price_us":319,"name":"Chevrolet"},
{"id":233,"price_us":412,"name":"Maserati"},
{"id":234,"price_us":627,"name":"Pontiac"},
{"id":235,"price_us":419,"name":"Subaru"},
{"id":236,"price_us":975,"name":"Porsche"},
{"id":237,"price_us":840,"name":"Ford"},
{"id":238,"price_us":342,"name":"Hyundai"},
{"id":239,"price_us":673,"name":"Dodge"},
{"id":240,"price_us":895,"name":"Lexus"},
{"id":241,"price_us":382,"name":"Toyota"},
{"id":242,"price_us":583,"name":"Chevrolet"},
{"id":243,"price_us":938,"name":"Mitsubishi"},
{"id":244,"price_us":258,"name":"Dodge"},
{"id":245,"price_us":521,"name":"Pontiac"},
{"id":246,"price_us":578,"name":"Volvo"},
{"id":247,"price_us":542,"name":"Subaru"},
{"id":248,"price_us":957,"name":"BMW"},
{"id":249,"price_us":188,"name":"Nissan"},
{"id":250,"price_us":673,"name":"BMW"},
{"id":251,"price_us":202,"name":"Mazda"},
{"id":252,"price_us":807,"name":"Acura"},
{"id":253,"price_us":496,"name":"Lexus"},
{"id":254,"price_us":382,"name":"Plymouth"},
{"id":255,"price_us":894,"name":"Fiat"},
{"id":256,"price_us":339,"name":"Ford"},
{"id":257,"price_us":956,"name":"Lotus"},
{"id":258,"price_us":648,"name":"Volvo"},
{"id":259,"price_us":470,"name":"Geo"},
{"id":260,"price_us":658,"name":"Dodge"},
{"id":261,"price_us":817,"name":"Cadillac"},
{"id":262,"price_us":246,"name":"Audi"},
{"id":263,"price_us":256,"name":"Lamborghini"},
{"id":264,"price_us":619,"name":"Toyota"},
{"id":265,"price_us":277,"name":"Isuzu"},
{"id":266,"price_us":709,"name":"Volkswagen"},
{"id":267,"price_us":479,"name":"Land Rover"},
{"id":268,"price_us":672,"name":"Mitsubishi"},
{"id":269,"price_us":165,"name":"Chevrolet"},
{"id":270,"price_us":405,"name":"Oldsmobile"},
{"id":271,"price_us":991,"name":"Land Rover"},
{"id":272,"price_us":603,"name":"Toyota"},
{"id":273,"price_us":462,"name":"Chevrolet"},
{"id":274,"price_us":766,"name":"Chevrolet"},
{"id":275,"price_us":222,"name":"Buick"},
{"id":276,"price_us":475,"name":"Mazda"},
{"id":277,"price_us":769,"name":"Volvo"},
{"id":278,"price_us":980,"name":"GMC"},
{"id":279,"price_us":325,"name":"Bentley"},
{"id":280,"price_us":726,"name":"Chevrolet"},
{"id":281,"price_us":602,"name":"Chevrolet"},
{"id":282,"price_us":944,"name":"Volkswagen"},
{"id":283,"price_us":235,"name":"Ford"},
{"id":284,"price_us":704,"name":"GMC"},
{"id":285,"price_us":591,"name":"Aston Martin"},
{"id":286,"price_us":360,"name":"Saturn"},
{"id":287,"price_us":219,"name":"Land Rover"},
{"id":288,"price_us":942,"name":"Saab"},
{"id":289,"price_us":600,"name":"Cadillac"},
{"id":290,"price_us":122,"name":"Ford"},
{"id":291,"price_us":200,"name":"Volvo"},
{"id":292,"price_us":629,"name":"Volvo"},
{"id":293,"price_us":897,"name":"Chevrolet"},
{"id":294,"price_us":436,"name":"Dodge"},
{"id":295,"price_us":898,"name":"Ferrari"},
{"id":296,"price_us":511,"name":"Audi"},
{"id":297,"price_us":865,"name":"GMC"},
{"id":298,"price_us":133,"name":"Mercedes-Benz"},
{"id":299,"price_us":915,"name":"Nissan"},
{"id":300,"price_us":733,"name":"Volkswagen"},
{"id":301,"price_us":311,"name":"Buick"},
{"id":302,"price_us":505,"name":"Mitsubishi"},
{"id":303,"price_us":386,"name":"Ram"},
{"id":304,"price_us":341,"name":"Mercedes-Benz"},
{"id":305,"price_us":230,"name":"Mitsubishi"},
{"id":306,"price_us":973,"name":"Buick"},
{"id":307,"price_us":653,"name":"Toyota"},
{"id":308,"price_us":156,"name":"Toyota"},
{"id":309,"price_us":361,"name":"Hyundai"},
{"id":310,"price_us":171,"name":"Pontiac"},
{"id":311,"price_us":828,"name":"Ford"},
{"id":312,"price_us":486,"name":"Nissan"},
{"id":313,"price_us":975,"name":"Mercedes-Benz"},
{"id":314,"price_us":436,"name":"Mazda"},
{"id":315,"price_us":776,"name":"Hyundai"},
{"id":316,"price_us":916,"name":"Ford"},
{"id":317,"price_us":222,"name":"Dodge"},
{"id":318,"price_us":638,"name":"Chevrolet"},
{"id":319,"price_us":259,"name":"Mitsubishi"},
{"id":320,"price_us":101,"name":"Volvo"},
{"id":321,"price_us":435,"name":"Scion"},
{"id":322,"price_us":243,"name":"Chevrolet"},
{"id":323,"price_us":632,"name":"Lexus"},
{"id":324,"price_us":264,"name":"Plymouth"},
{"id":325,"price_us":200,"name":"Mitsubishi"},
{"id":326,"price_us":193,"name":"Jeep"},
{"id":327,"price_us":509,"name":"Mitsubishi"},
{"id":328,"price_us":554,"name":"Chevrolet"},
{"id":329,"price_us":470,"name":"Chevrolet"},
{"id":330,"price_us":217,"name":"Volvo"},
{"id":331,"price_us":643,"name":"Dodge"},
{"id":332,"price_us":244,"name":"Chevrolet"},
{"id":333,"price_us":261,"name":"Buick"},
{"id":334,"price_us":357,"name":"Mercury"},
{"id":335,"price_us":913,"name":"Plymouth"},
{"id":336,"price_us":714,"name":"Jaguar"},
{"id":337,"price_us":742,"name":"Chevrolet"},
{"id":338,"price_us":484,"name":"Mazda"},
{"id":339,"price_us":604,"name":"Ford"},
{"id":340,"price_us":553,"name":"Alfa Romeo"},
{"id":341,"price_us":437,"name":"Honda"},
{"id":342,"price_us":920,"name":"Chevrolet"},
{"id":343,"price_us":928,"name":"Lexus"},
{"id":344,"price_us":490,"name":"BMW"},
{"id":345,"price_us":431,"name":"Volkswagen"},
{"id":346,"price_us":233,"name":"Volkswagen"},
{"id":347,"price_us":970,"name":"BMW"},
{"id":348,"price_us":687,"name":"Chrysler"},
{"id":349,"price_us":938,"name":"Ford"},
{"id":350,"price_us":943,"name":"Pontiac"},
{"id":351,"price_us":189,"name":"Pontiac"},
{"id":352,"price_us":752,"name":"Oldsmobile"},
{"id":353,"price_us":313,"name":"Plymouth"},
{"id":354,"price_us":104,"name":"GMC"},
{"id":355,"price_us":837,"name":"Chevrolet"},
{"id":356,"price_us":211,"name":"Mercury"},
{"id":357,"price_us":650,"name":"Lamborghini"},
{"id":358,"price_us":740,"name":"Buick"},
{"id":359,"price_us":559,"name":"Chevrolet"},
{"id":360,"price_us":831,"name":"Nissan"},
{"id":361,"price_us":504,"name":"Ford"},
{"id":362,"price_us":184,"name":"GMC"},
{"id":363,"price_us":364,"name":"Aptera"},
{"id":364,"price_us":758,"name":"BMW"},
{"id":365,"price_us":729,"name":"Lamborghini"},
{"id":366,"price_us":632,"name":"Mitsubishi"},
{"id":367,"price_us":356,"name":"Buick"},
{"id":368,"price_us":977,"name":"Land Rover"},
{"id":369,"price_us":769,"name":"Kia"},
{"id":370,"price_us":376,"name":"Dodge"},
{"id":371,"price_us":325,"name":"Suzuki"},
{"id":372,"price_us":491,"name":"BMW"},
{"id":373,"price_us":368,"name":"Nissan"},
{"id":374,"price_us":361,"name":"Honda"},
{"id":375,"price_us":787,"name":"Ford"},
{"id":376,"price_us":600,"name":"Bentley"},
{"id":377,"price_us":177,"name":"Dodge"},
{"id":378,"price_us":339,"name":"Pontiac"},
{"id":379,"price_us":526,"name":"Subaru"},
{"id":380,"price_us":276,"name":"Pontiac"},
{"id":381,"price_us":320,"name":"Mercedes-Benz"},
{"id":382,"price_us":500,"name":"Toyota"},
{"id":383,"price_us":972,"name":"Toyota"},
{"id":384,"price_us":339,"name":"Mitsubishi"},
{"id":385,"price_us":150,"name":"Pontiac"},
{"id":386,"price_us":732,"name":"Audi"},
{"id":387,"price_us":494,"name":"Chevrolet"},
{"id":388,"price_us":333,"name":"GMC"},
{"id":389,"price_us":752,"name":"Mazda"},
{"id":390,"price_us":295,"name":"Buick"},
{"id":391,"price_us":703,"name":"Mitsubishi"},
{"id":392,"price_us":964,"name":"Ford"},
{"id":393,"price_us":642,"name":"Chevrolet"},
{"id":394,"price_us":365,"name":"Dodge"},
{"id":395,"price_us":246,"name":"Toyota"},
{"id":396,"price_us":459,"name":"Pontiac"},
{"id":397,"price_us":952,"name":"Cadillac"},
{"id":398,"price_us":414,"name":"Ford"},
{"id":399,"price_us":279,"name":"Toyota"},
{"id":400,"price_us":100,"name":"Cadillac"},
{"id":401,"price_us":168,"name":"Infiniti"},
{"id":402,"price_us":605,"name":"Subaru"},
{"id":403,"price_us":429,"name":"Dodge"},
{"id":404,"price_us":772,"name":"Ford"},
{"id":405,"price_us":818,"name":"Ford"},
{"id":406,"price_us":313,"name":"GMC"},
{"id":407,"price_us":824,"name":"Land Rover"},
{"id":408,"price_us":882,"name":"Kia"},
{"id":409,"price_us":527,"name":"Mercedes-Benz"},
{"id":410,"price_us":610,"name":"Mazda"},
{"id":411,"price_us":403,"name":"Isuzu"},
{"id":412,"price_us":372,"name":"Audi"},
{"id":413,"price_us":735,"name":"Ford"},
{"id":414,"price_us":526,"name":"Dodge"},
{"id":415,"price_us":953,"name":"Mitsubishi"},
{"id":416,"price_us":930,"name":"Land Rover"},
{"id":417,"price_us":389,"name":"Ford"},
{"id":418,"price_us":554,"name":"Audi"},
{"id":419,"price_us":363,"name":"Toyota"},
{"id":420,"price_us":220,"name":"Mitsubishi"},
{"id":421,"price_us":878,"name":"Dodge"},
{"id":422,"price_us":240,"name":"Lexus"},
{"id":423,"price_us":906,"name":"Pontiac"},
{"id":424,"price_us":339,"name":"Honda"},
{"id":425,"price_us":403,"name":"Ford"},
{"id":426,"price_us":543,"name":"Volkswagen"},
{"id":427,"price_us":173,"name":"Lexus"},
{"id":428,"price_us":202,"name":"GMC"},
{"id":429,"price_us":748,"name":"Hummer"},
{"id":430,"price_us":816,"name":"Mazda"},
{"id":431,"price_us":758,"name":"Ford"},
{"id":432,"price_us":825,"name":"Ford"},
{"id":433,"price_us":669,"name":"Oldsmobile"},
{"id":434,"price_us":775,"name":"Suzuki"},
{"id":435,"price_us":641,"name":"Oldsmobile"},
{"id":436,"price_us":560,"name":"Chevrolet"},
{"id":437,"price_us":368,"name":"Aston Martin"},
{"id":438,"price_us":844,"name":"Lincoln"},
{"id":439,"price_us":192,"name":"Volvo"},
{"id":440,"price_us":625,"name":"Audi"},
{"id":441,"price_us":129,"name":"Toyota"},
{"id":442,"price_us":224,"name":"GMC"},
{"id":443,"price_us":662,"name":"Lexus"},
{"id":444,"price_us":803,"name":"Ford"},
{"id":445,"price_us":643,"name":"GMC"},
{"id":446,"price_us":639,"name":"Mitsubishi"},
{"id":447,"price_us":553,"name":"Saab"},
{"id":448,"price_us":628,"name":"Kia"},
{"id":449,"price_us":675,"name":"Nissan"},
{"id":450,"price_us":649,"name":"Land Rover"},
{"id":451,"price_us":106,"name":"Mercedes-Benz"},
{"id":452,"price_us":198,"name":"Chevrolet"},
{"id":453,"price_us":815,"name":"Subaru"},
{"id":454,"price_us":633,"name":"Lexus"},
{"id":455,"price_us":879,"name":"Lincoln"},
{"id":456,"price_us":126,"name":"Porsche"},
{"id":457,"price_us":987,"name":"Volvo"},
{"id":458,"price_us":785,"name":"Mitsubishi"},
{"id":459,"price_us":665,"name":"Dodge"},
{"id":460,"price_us":464,"name":"Volkswagen"},
{"id":461,"price_us":564,"name":"Toyota"},
{"id":462,"price_us":632,"name":"Mazda"},
{"id":463,"price_us":687,"name":"Volkswagen"},
{"id":464,"price_us":528,"name":"Mercury"},
{"id":465,"price_us":945,"name":"Chevrolet"},
{"id":466,"price_us":764,"name":"BMW"},
{"id":467,"price_us":615,"name":"Infiniti"},
{"id":468,"price_us":445,"name":"Toyota"},
{"id":469,"price_us":211,"name":"Acura"},
{"id":470,"price_us":575,"name":"GMC"},
{"id":471,"price_us":952,"name":"Porsche"},
{"id":472,"price_us":890,"name":"Toyota"},
{"id":473,"price_us":562,"name":"Hyundai"},
{"id":474,"price_us":558,"name":"Lexus"},
{"id":475,"price_us":351,"name":"Jaguar"},
{"id":476,"price_us":572,"name":"Ford"},
{"id":477,"price_us":595,"name":"Toyota"},
{"id":478,"price_us":163,"name":"Mazda"},
{"id":479,"price_us":161,"name":"Mazda"},
{"id":480,"price_us":209,"name":"Mercedes-Benz"},
{"id":481,"price_us":795,"name":"Honda"},
{"id":482,"price_us":691,"name":"Chevrolet"},
{"id":483,"price_us":720,"name":"Mitsubishi"},
{"id":484,"price_us":612,"name":"Isuzu"},
{"id":485,"price_us":499,"name":"Cadillac"},
{"id":486,"price_us":721,"name":"Dodge"},
{"id":487,"price_us":495,"name":"Dodge"},
{"id":488,"price_us":245,"name":"Chrysler"},
{"id":489,"price_us":987,"name":"Volkswagen"},
{"id":490,"price_us":217,"name":"Mercedes-Benz"},
{"id":491,"price_us":475,"name":"Pontiac"},
{"id":492,"price_us":438,"name":"Ford"},
{"id":493,"price_us":555,"name":"Audi"},
{"id":494,"price_us":362,"name":"Ford"},
{"id":495,"price_us":303,"name":"Nissan"},
{"id":496,"price_us":616,"name":"Ferrari"},
{"id":497,"price_us":208,"name":"Nissan"},
{"id":498,"price_us":638,"name":"Porsche"},
{"id":499,"price_us":184,"name":"Mitsubishi"},
{"id":500,"price_us":199,"name":"Dodge"},
{"id":501,"price_us":358,"name":"Ford"},
{"id":502,"price_us":136,"name":"Ford"},
{"id":503,"price_us":106,"name":"Nissan"},
{"id":504,"price_us":122,"name":"Pontiac"},
{"id":505,"price_us":450,"name":"Toyota"},
{"id":506,"price_us":727,"name":"Lexus"},
{"id":507,"price_us":175,"name":"Land Rover"},
{"id":508,"price_us":852,"name":"Honda"},
{"id":509,"price_us":464,"name":"Land Rover"},
{"id":510,"price_us":467,"name":"Chevrolet"},
{"id":511,"price_us":193,"name":"Volkswagen"},
{"id":512,"price_us":845,"name":"Ford"},
{"id":513,"price_us":342,"name":"Mercury"},
{"id":514,"price_us":241,"name":"Ford"},
{"id":515,"price_us":884,"name":"Mazda"},
{"id":516,"price_us":338,"name":"Dodge"},
{"id":517,"price_us":419,"name":"Ford"},
{"id":518,"price_us":923,"name":"Ford"},
{"id":519,"price_us":852,"name":"Ford"},
{"id":520,"price_us":144,"name":"Mercury"},
{"id":521,"price_us":751,"name":"Nissan"},
{"id":522,"price_us":240,"name":"Volkswagen"},
{"id":523,"price_us":827,"name":"Mazda"},
{"id":524,"price_us":670,"name":"Kia"},
{"id":525,"price_us":563,"name":"Pontiac"},
{"id":526,"price_us":885,"name":"Aston Martin"},
{"id":527,"price_us":961,"name":"Chevrolet"},
{"id":528,"price_us":700,"name":"Hyundai"},
{"id":529,"price_us":438,"name":"Chevrolet"},
{"id":530,"price_us":604,"name":"Lincoln"},
{"id":531,"price_us":367,"name":"Mercedes-Benz"},
{"id":532,"price_us":432,"name":"Hummer"},
{"id":533,"price_us":233,"name":"Dodge"},
{"id":534,"price_us":394,"name":"Toyota"},
{"id":535,"price_us":375,"name":"Hyundai"},
{"id":536,"price_us":237,"name":"Mercedes-Benz"},
{"id":537,"price_us":890,"name":"Chevrolet"},
{"id":538,"price_us":293,"name":"Ford"},
{"id":539,"price_us":195,"name":"Infiniti"},
{"id":540,"price_us":954,"name":"Chrysler"},
{"id":541,"price_us":911,"name":"Ford"},
{"id":542,"price_us":787,"name":"Mazda"},
{"id":543,"price_us":552,"name":"Mitsubishi"},
{"id":544,"price_us":958,"name":"Mercury"},
{"id":545,"price_us":431,"name":"Infiniti"},
{"id":546,"price_us":473,"name":"Saab"},
{"id":547,"price_us":614,"name":"Eagle"},
{"id":548,"price_us":994,"name":"BMW"},
{"id":549,"price_us":377,"name":"Ford"},
{"id":550,"price_us":227,"name":"Jaguar"},
{"id":551,"price_us":996,"name":"Pontiac"},
{"id":552,"price_us":140,"name":"Audi"},
{"id":553,"price_us":981,"name":"Ford"},
{"id":554,"price_us":914,"name":"Mitsubishi"},
{"id":555,"price_us":577,"name":"Cadillac"},
{"id":556,"price_us":793,"name":"Mazda"},
{"id":557,"price_us":618,"name":"Buick"},
{"id":558,"price_us":839,"name":"Isuzu"},
{"id":559,"price_us":945,"name":"Ford"},
{"id":560,"price_us":654,"name":"Audi"},
{"id":561,"price_us":299,"name":"Hyundai"},
{"id":562,"price_us":801,"name":"GMC"},
{"id":563,"price_us":340,"name":"Suzuki"},
{"id":564,"price_us":908,"name":"Chevrolet"},
{"id":565,"price_us":333,"name":"GMC"},
{"id":566,"price_us":118,"name":"Saab"},
{"id":567,"price_us":708,"name":"Ford"},
{"id":568,"price_us":110,"name":"Nissan"},
{"id":569,"price_us":877,"name":"Mercury"},
{"id":570,"price_us":121,"name":"Ford"},
{"id":571,"price_us":475,"name":"Saturn"},
{"id":572,"price_us":383,"name":"Mazda"},
{"id":573,"price_us":256,"name":"Kia"},
{"id":574,"price_us":634,"name":"Pontiac"},
{"id":575,"price_us":325,"name":"Chevrolet"},
{"id":576,"price_us":406,"name":"Nissan"},
{"id":577,"price_us":409,"name":"Isuzu"},
{"id":578,"price_us":219,"name":"GMC"},
{"id":579,"price_us":774,"name":"BMW"},
{"id":580,"price_us":862,"name":"Chevrolet"},
{"id":581,"price_us":220,"name":"Ford"},
{"id":582,"price_us":712,"name":"Jeep"},
{"id":583,"price_us":543,"name":"BMW"},
{"id":584,"price_us":327,"name":"Volkswagen"},
{"id":585,"price_us":362,"name":"Chevrolet"},
{"id":586,"price_us":584,"name":"Buick"},
{"id":587,"price_us":774,"name":"Pontiac"},
{"id":588,"price_us":830,"name":"Lexus"},
{"id":589,"price_us":246,"name":"Saturn"},
{"id":590,"price_us":210,"name":"Oldsmobile"},
{"id":591,"price_us":358,"name":"Chevrolet"},
{"id":592,"price_us":136,"name":"Jaguar"},
{"id":593,"price_us":234,"name":"Acura"},
{"id":594,"price_us":133,"name":"GMC"},
{"id":595,"price_us":162,"name":"Oldsmobile"},
{"id":596,"price_us":337,"name":"Maserati"},
{"id":597,"price_us":241,"name":"Chrysler"},
{"id":598,"price_us":736,"name":"Ford"},
{"id":599,"price_us":930,"name":"Ford"},
{"id":600,"price_us":539,"name":"Lexus"},
{"id":601,"price_us":299,"name":"Mitsubishi"},
{"id":602,"price_us":953,"name":"Ford"},
{"id":603,"price_us":769,"name":"GMC"},
{"id":604,"price_us":976,"name":"Volkswagen"},
{"id":605,"price_us":886,"name":"GMC"},
{"id":606,"price_us":416,"name":"GMC"},
{"id":607,"price_us":142,"name":"Infiniti"},
{"id":608,"price_us":855,"name":"Infiniti"},
{"id":609,"price_us":289,"name":"Chrysler"},
{"id":610,"price_us":844,"name":"Volkswagen"},
{"id":611,"price_us":140,"name":"Bentley"},
{"id":612,"price_us":111,"name":"Ford"},
{"id":613,"price_us":836,"name":"Nissan"},
{"id":614,"price_us":143,"name":"Volkswagen"},
{"id":615,"price_us":218,"name":"Mercedes-Benz"},
{"id":616,"price_us":214,"name":"Buick"},
{"id":617,"price_us":383,"name":"Chevrolet"},
{"id":618,"price_us":339,"name":"Subaru"},
{"id":619,"price_us":856,"name":"Suzuki"},
{"id":620,"price_us":593,"name":"Lincoln"},
{"id":621,"price_us":154,"name":"Acura"},
{"id":622,"price_us":754,"name":"Mazda"},
{"id":623,"price_us":791,"name":"Eagle"},
{"id":624,"price_us":406,"name":"Saab"},
{"id":625,"price_us":327,"name":"Ram"},
{"id":626,"price_us":909,"name":"Mercedes-Benz"},
{"id":627,"price_us":411,"name":"Acura"},
{"id":628,"price_us":714,"name":"Mazda"},
{"id":629,"price_us":422,"name":"Ford"},
{"id":630,"price_us":616,"name":"Lincoln"},
{"id":631,"price_us":316,"name":"GMC"},
{"id":632,"price_us":924,"name":"Ford"},
{"id":633,"price_us":946,"name":"Volvo"},
{"id":634,"price_us":389,"name":"Cadillac"},
{"id":635,"price_us":989,"name":"Toyota"},
{"id":636,"price_us":309,"name":"Lexus"},
{"id":637,"price_us":553,"name":"Volvo"},
{"id":638,"price_us":141,"name":"BMW"},
{"id":639,"price_us":474,"name":"Mercedes-Benz"},
{"id":640,"price_us":758,"name":"Lexus"},
{"id":641,"price_us":193,"name":"Volkswagen"},
{"id":642,"price_us":585,"name":"Ford"},
{"id":643,"price_us":482,"name":"Suzuki"},
{"id":644,"price_us":779,"name":"Infiniti"},
{"id":645,"price_us":769,"name":"Nissan"},
{"id":646,"price_us":114,"name":"Porsche"},
{"id":647,"price_us":108,"name":"Isuzu"},
{"id":648,"price_us":715,"name":"Pontiac"},
{"id":649,"price_us":144,"name":"GMC"},
{"id":650,"price_us":332,"name":"GMC"},
{"id":651,"price_us":110,"name":"Mercury"},
{"id":652,"price_us":397,"name":"Mitsubishi"},
{"id":653,"price_us":645,"name":"Dodge"},
{"id":654,"price_us":759,"name":"Toyota"},
{"id":655,"price_us":330,"name":"Ford"},
{"id":656,"price_us":499,"name":"Hyundai"},
{"id":657,"price_us":663,"name":"Ford"},
{"id":658,"price_us":713,"name":"Honda"},
{"id":659,"price_us":849,"name":"Merkur"},
{"id":660,"price_us":910,"name":"Ford"},
{"id":661,"price_us":344,"name":"Chevrolet"},
{"id":662,"price_us":739,"name":"Cadillac"},
{"id":663,"price_us":950,"name":"Hyundai"},
{"id":664,"price_us":292,"name":"Lincoln"},
{"id":665,"price_us":790,"name":"Mazda"},
{"id":666,"price_us":800,"name":"Dodge"},
{"id":667,"price_us":710,"name":"GMC"},
{"id":668,"price_us":714,"name":"Mitsubishi"},
{"id":669,"price_us":746,"name":"Cadillac"},
{"id":670,"price_us":876,"name":"Saturn"},
{"id":671,"price_us":187,"name":"Acura"},
{"id":672,"price_us":970,"name":"BMW"},
{"id":673,"price_us":576,"name":"Dodge"},
{"id":674,"price_us":663,"name":"Lexus"},
{"id":675,"price_us":698,"name":"Lexus"},
{"id":676,"price_us":558,"name":"Subaru"},
{"id":677,"price_us":206,"name":"Maybach"},
{"id":678,"price_us":292,"name":"Chevrolet"},
{"id":679,"price_us":577,"name":"BMW"},
{"id":680,"price_us":302,"name":"Mitsubishi"},
{"id":681,"price_us":903,"name":"BMW"},
{"id":682,"price_us":520,"name":"Spyker"},
{"id":683,"price_us":869,"name":"Chevrolet"},
{"id":684,"price_us":369,"name":"Oldsmobile"},
{"id":685,"price_us":475,"name":"Jeep"},
{"id":686,"price_us":215,"name":"Eagle"},
{"id":687,"price_us":775,"name":"Nissan"},
{"id":688,"price_us":360,"name":"Mercury"},
{"id":689,"price_us":590,"name":"Subaru"},
{"id":690,"price_us":177,"name":"Suzuki"},
{"id":691,"price_us":421,"name":"Pontiac"},
{"id":692,"price_us":486,"name":"Mercedes-Benz"},
{"id":693,"price_us":871,"name":"Audi"},
{"id":694,"price_us":548,"name":"Toyota"},
{"id":695,"price_us":899,"name":"Maybach"},
{"id":696,"price_us":122,"name":"Ford"},
{"id":697,"price_us":742,"name":"Mercedes-Benz"},
{"id":698,"price_us":669,"name":"Lincoln"},
{"id":699,"price_us":913,"name":"Cadillac"},
{"id":700,"price_us":519,"name":"Audi"},
{"id":701,"price_us":568,"name":"Toyota"},
{"id":702,"price_us":869,"name":"Buick"},
{"id":703,"price_us":120,"name":"Acura"},
{"id":704,"price_us":548,"name":"Mazda"},
{"id":705,"price_us":127,"name":"Maserati"},
{"id":706,"price_us":298,"name":"Saab"},
{"id":707,"price_us":244,"name":"Pontiac"},
{"id":708,"price_us":158,"name":"Pontiac"},
{"id":709,"price_us":747,"name":"Pontiac"},
{"id":710,"price_us":487,"name":"Nissan"},
{"id":711,"price_us":933,"name":"Lexus"},
{"id":712,"price_us":649,"name":"Lexus"},
{"id":713,"price_us":598,"name":"Mercedes-Benz"},
{"id":714,"price_us":888,"name":"Mercedes-Benz"},
{"id":715,"price_us":781,"name":"Volkswagen"},
{"id":716,"price_us":371,"name":"Nissan"},
{"id":717,"price_us":885,"name":"Lotus"},
{"id":718,"price_us":162,"name":"Bentley"},
{"id":719,"price_us":271,"name":"Cadillac"},
{"id":720,"price_us":876,"name":"Ford"},
{"id":721,"price_us":842,"name":"Mazda"},
{"id":722,"price_us":674,"name":"Ferrari"},
{"id":723,"price_us":512,"name":"Mercury"},
{"id":724,"price_us":949,"name":"Dodge"},
{"id":725,"price_us":534,"name":"BMW"},
{"id":726,"price_us":775,"name":"Ford"},
{"id":727,"price_us":929,"name":"Ferrari"},
{"id":728,"price_us":627,"name":"Pontiac"},
{"id":729,"price_us":754,"name":"Chrysler"},
{"id":730,"price_us":239,"name":"Chrysler"},
{"id":731,"price_us":870,"name":"Lincoln"},
{"id":732,"price_us":356,"name":"Chevrolet"},
{"id":733,"price_us":175,"name":"Cadillac"},
{"id":734,"price_us":734,"name":"Dodge"},
{"id":735,"price_us":653,"name":"Chevrolet"},
{"id":736,"price_us":497,"name":"Ford"},
{"id":737,"price_us":319,"name":"BMW"},
{"id":738,"price_us":219,"name":"Mercedes-Benz"},
{"id":739,"price_us":191,"name":"Mazda"},
{"id":740,"price_us":798,"name":"Toyota"},
{"id":741,"price_us":528,"name":"Aston Martin"},
{"id":742,"price_us":879,"name":"Maserati"},
{"id":743,"price_us":999,"name":"Infiniti"},
{"id":744,"price_us":355,"name":"Dodge"},
{"id":745,"price_us":674,"name":"Mitsubishi"},
{"id":746,"price_us":110,"name":"Porsche"},
{"id":747,"price_us":869,"name":"Ford"},
{"id":748,"price_us":311,"name":"Toyota"},
{"id":749,"price_us":712,"name":"Mercedes-Benz"},
{"id":750,"price_us":219,"name":"Mercedes-Benz"},
{"id":751,"price_us":830,"name":"Honda"},
{"id":752,"price_us":163,"name":"Lexus"},
{"id":753,"price_us":549,"name":"Morgan"},
{"id":754,"price_us":517,"name":"GMC"},
{"id":755,"price_us":869,"name":"Hyundai"},
{"id":756,"price_us":959,"name":"Panoz"},
{"id":757,"price_us":580,"name":"Pontiac"},
{"id":758,"price_us":456,"name":"Ford"},
{"id":759,"price_us":251,"name":"Jaguar"},
{"id":760,"price_us":946,"name":"Dodge"},
{"id":761,"price_us":516,"name":"Pontiac"},
{"id":762,"price_us":914,"name":"Dodge"},
{"id":763,"price_us":744,"name":"Kia"},
{"id":764,"price_us":512,"name":"Ford"},
{"id":765,"price_us":968,"name":"Cadillac"},
{"id":766,"price_us":848,"name":"Dodge"},
{"id":767,"price_us":250,"name":"Suzuki"},
{"id":768,"price_us":857,"name":"Jaguar"},
{"id":769,"price_us":854,"name":"Volkswagen"},
{"id":770,"price_us":967,"name":"Lexus"},
{"id":771,"price_us":320,"name":"Mazda"},
{"id":772,"price_us":748,"name":"Chevrolet"},
{"id":773,"price_us":268,"name":"Mercury"},
{"id":774,"price_us":419,"name":"Ford"},
{"id":775,"price_us":833,"name":"Ford"},
{"id":776,"price_us":937,"name":"Shelby"},
{"id":777,"price_us":101,"name":"Cadillac"},
{"id":778,"price_us":835,"name":"Toyota"},
{"id":779,"price_us":657,"name":"Ford"},
{"id":780,"price_us":198,"name":"Pontiac"},
{"id":781,"price_us":950,"name":"Kia"},
{"id":782,"price_us":448,"name":"Daewoo"},
{"id":783,"price_us":996,"name":"Suzuki"},
{"id":784,"price_us":571,"name":"Mitsubishi"},
{"id":785,"price_us":544,"name":"Chevrolet"},
{"id":786,"price_us":947,"name":"Mazda"},
{"id":787,"price_us":224,"name":"Volkswagen"},
{"id":788,"price_us":533,"name":"Dodge"},
{"id":789,"price_us":681,"name":"Jaguar"},
{"id":790,"price_us":566,"name":"Mazda"},
{"id":791,"price_us":948,"name":"Pontiac"},
{"id":792,"price_us":846,"name":"Nissan"},
{"id":793,"price_us":795,"name":"Mercedes-Benz"},
{"id":794,"price_us":448,"name":"Lexus"},
{"id":795,"price_us":227,"name":"Mercury"},
{"id":796,"price_us":124,"name":"GMC"},
{"id":797,"price_us":549,"name":"Honda"},
{"id":798,"price_us":903,"name":"Bentley"},
{"id":799,"price_us":831,"name":"Honda"},
{"id":800,"price_us":817,"name":"Chrysler"},
{"id":801,"price_us":784,"name":"Land Rover"},
{"id":802,"price_us":717,"name":"Buick"},
{"id":803,"price_us":817,"name":"Infiniti"},
{"id":804,"price_us":486,"name":"Maybach"},
{"id":805,"price_us":544,"name":"Toyota"},
{"id":806,"price_us":256,"name":"Dodge"},
{"id":807,"price_us":241,"name":"Mercedes-Benz"},
{"id":808,"price_us":931,"name":"Toyota"},
{"id":809,"price_us":106,"name":"Chevrolet"},
{"id":810,"price_us":372,"name":"Toyota"},
{"id":811,"price_us":127,"name":"Mercury"},
{"id":812,"price_us":788,"name":"Honda"},
{"id":813,"price_us":414,"name":"Dodge"},
{"id":814,"price_us":989,"name":"Acura"},
{"id":815,"price_us":512,"name":"Buick"},
{"id":816,"price_us":522,"name":"Honda"},
{"id":817,"price_us":542,"name":"Lincoln"},
{"id":818,"price_us":192,"name":"Buick"},
{"id":819,"price_us":609,"name":"GMC"},
{"id":820,"price_us":282,"name":"Lincoln"},
{"id":821,"price_us":280,"name":"Infiniti"},
{"id":822,"price_us":492,"name":"Audi"},
{"id":823,"price_us":706,"name":"Lexus"},
{"id":824,"price_us":473,"name":"Lamborghini"},
{"id":825,"price_us":947,"name":"Austin"},
{"id":826,"price_us":995,"name":"Mitsubishi"},
{"id":827,"price_us":635,"name":"Suzuki"},
{"id":828,"price_us":228,"name":"Mercury"},
{"id":829,"price_us":546,"name":"Saturn"},
{"id":830,"price_us":686,"name":"Chevrolet"},
{"id":831,"price_us":961,"name":"Toyota"},
{"id":832,"price_us":355,"name":"Subaru"},
{"id":833,"price_us":884,"name":"Lamborghini"},
{"id":834,"price_us":311,"name":"Ford"},
{"id":835,"price_us":798,"name":"Audi"},
{"id":836,"price_us":169,"name":"Land Rover"},
{"id":837,"price_us":104,"name":"Mazda"},
{"id":838,"price_us":972,"name":"Toyota"},
{"id":839,"price_us":355,"name":"Mitsubishi"},
{"id":840,"price_us":608,"name":"Lamborghini"},
{"id":841,"price_us":557,"name":"Honda"},
{"id":842,"price_us":654,"name":"Audi"},
{"id":843,"price_us":799,"name":"Nissan"},
{"id":844,"price_us":116,"name":"Mercedes-Benz"},
{"id":845,"price_us":606,"name":"Ford"},
{"id":846,"price_us":487,"name":"Dodge"},
{"id":847,"price_us":418,"name":"Volvo"},
{"id":848,"price_us":493,"name":"Dodge"},
{"id":849,"price_us":389,"name":"Mercury"},
{"id":850,"price_us":961,"name":"Bentley"},
{"id":851,"price_us":478,"name":"BMW"},
{"id":852,"price_us":779,"name":"Mitsubishi"},
{"id":853,"price_us":204,"name":"Ford"},
{"id":854,"price_us":429,"name":"Porsche"},
{"id":855,"price_us":914,"name":"Ford"},
{"id":856,"price_us":310,"name":"Pontiac"},
{"id":857,"price_us":618,"name":"Honda"},
{"id":858,"price_us":431,"name":"Pontiac"},
{"id":859,"price_us":236,"name":"Chevrolet"},
{"id":860,"price_us":105,"name":"Lincoln"},
{"id":861,"price_us":269,"name":"Cadillac"},
{"id":862,"price_us":905,"name":"Mazda"},
{"id":863,"price_us":813,"name":"Mercury"},
{"id":864,"price_us":538,"name":"Dodge"},
{"id":865,"price_us":703,"name":"Lexus"},
{"id":866,"price_us":817,"name":"Volvo"},
{"id":867,"price_us":885,"name":"Jaguar"},
{"id":868,"price_us":858,"name":"Lincoln"},
{"id":869,"price_us":429,"name":"GMC"},
{"id":870,"price_us":516,"name":"Pontiac"},
{"id":871,"price_us":482,"name":"Ford"},
{"id":872,"price_us":612,"name":"Lexus"},
{"id":873,"price_us":147,"name":"Ford"},
{"id":874,"price_us":751,"name":"Ford"},
{"id":875,"price_us":948,"name":"Mazda"},
{"id":876,"price_us":719,"name":"Nissan"},
{"id":877,"price_us":752,"name":"Chevrolet"},
{"id":878,"price_us":726,"name":"Audi"},
{"id":879,"price_us":570,"name":"Ford"},
{"id":880,"price_us":120,"name":"Chevrolet"},
{"id":881,"price_us":337,"name":"Isuzu"},
{"id":882,"price_us":934,"name":"Honda"},
{"id":883,"price_us":983,"name":"Ford"},
{"id":884,"price_us":662,"name":"Dodge"},
{"id":885,"price_us":869,"name":"Pontiac"},
{"id":886,"price_us":869,"name":"Ford"},
{"id":887,"price_us":103,"name":"Audi"},
{"id":888,"price_us":732,"name":"Saab"},
{"id":889,"price_us":621,"name":"Chevrolet"},
{"id":890,"price_us":935,"name":"Hyundai"},
{"id":891,"price_us":172,"name":"GMC"},
{"id":892,"price_us":852,"name":"Maserati"},
{"id":893,"price_us":641,"name":"GMC"},
{"id":894,"price_us":997,"name":"Volkswagen"},
{"id":895,"price_us":270,"name":"Panoz"},
{"id":896,"price_us":877,"name":"Mercury"},
{"id":897,"price_us":744,"name":"Nissan"},
{"id":898,"price_us":324,"name":"Mercedes-Benz"},
{"id":899,"price_us":200,"name":"Lincoln"},
{"id":900,"price_us":197,"name":"Infiniti"},
{"id":901,"price_us":793,"name":"BMW"},
{"id":902,"price_us":419,"name":"Volvo"},
{"id":903,"price_us":902,"name":"GMC"},
{"id":904,"price_us":766,"name":"Nissan"},
{"id":905,"price_us":577,"name":"Audi"},
{"id":906,"price_us":370,"name":"BMW"},
{"id":907,"price_us":915,"name":"Suzuki"},
{"id":908,"price_us":315,"name":"Lincoln"},
{"id":909,"price_us":531,"name":"Kia"},
{"id":910,"price_us":597,"name":"Mercury"},
{"id":911,"price_us":140,"name":"Saturn"},
{"id":912,"price_us":248,"name":"MINI"},
{"id":913,"price_us":649,"name":"Chevrolet"},
{"id":914,"price_us":954,"name":"Pontiac"},
{"id":915,"price_us":912,"name":"Mercury"},
{"id":916,"price_us":755,"name":"Kia"},
{"id":917,"price_us":803,"name":"Mercedes-Benz"},
{"id":918,"price_us":886,"name":"Dodge"},
{"id":919,"price_us":907,"name":"Lamborghini"},
{"id":920,"price_us":363,"name":"Alfa Romeo"},
{"id":921,"price_us":548,"name":"Volvo"},
{"id":922,"price_us":398,"name":"Dodge"},
{"id":923,"price_us":916,"name":"Mercedes-Benz"},
{"id":924,"price_us":965,"name":"GMC"},
{"id":925,"price_us":194,"name":"Ferrari"},
{"id":926,"price_us":203,"name":"Toyota"},
{"id":927,"price_us":456,"name":"Subaru"},
{"id":928,"price_us":846,"name":"Chevrolet"},
{"id":929,"price_us":153,"name":"Eagle"},
{"id":930,"price_us":432,"name":"Mitsubishi"},
{"id":931,"price_us":135,"name":"Mazda"},
{"id":932,"price_us":564,"name":"BMW"},
{"id":933,"price_us":671,"name":"Buick"},
{"id":934,"price_us":912,"name":"Chevrolet"},
{"id":935,"price_us":524,"name":"Hyundai"},
{"id":936,"price_us":154,"name":"Jaguar"},
{"id":937,"price_us":281,"name":"Mazda"},
{"id":938,"price_us":549,"name":"Chevrolet"},
{"id":939,"price_us":192,"name":"BMW"},
{"id":940,"price_us":690,"name":"Dodge"},
{"id":941,"price_us":356,"name":"Ford"},
{"id":942,"price_us":393,"name":"Mazda"},
{"id":943,"price_us":788,"name":"BMW"},
{"id":944,"price_us":130,"name":"Volkswagen"},
{"id":945,"price_us":288,"name":"Land Rover"},
{"id":946,"price_us":567,"name":"Volvo"},
{"id":947,"price_us":765,"name":"Dodge"},
{"id":948,"price_us":426,"name":"GMC"},
{"id":949,"price_us":277,"name":"Saturn"},
{"id":950,"price_us":842,"name":"Lexus"},
{"id":951,"price_us":602,"name":"Infiniti"},
{"id":952,"price_us":250,"name":"Audi"},
{"id":953,"price_us":878,"name":"Acura"},
{"id":954,"price_us":462,"name":"Pontiac"},
{"id":955,"price_us":831,"name":"Pontiac"},
{"id":956,"price_us":442,"name":"Dodge"},
{"id":957,"price_us":681,"name":"Dodge"},
{"id":958,"price_us":804,"name":"Suzuki"},
{"id":959,"price_us":620,"name":"Aptera"},
{"id":960,"price_us":111,"name":"Mercedes-Benz"},
{"id":961,"price_us":744,"name":"Chrysler"},
{"id":962,"price_us":302,"name":"Nissan"},
{"id":963,"price_us":137,"name":"Mitsubishi"},
{"id":964,"price_us":706,"name":"Ford"},
{"id":965,"price_us":106,"name":"Buick"},
{"id":966,"price_us":585,"name":"BMW"},
{"id":967,"price_us":113,"name":"Subaru"},
{"id":968,"price_us":305,"name":"Ford"},
{"id":969,"price_us":371,"name":"Isuzu"},
{"id":970,"price_us":239,"name":"Volkswagen"},
{"id":971,"price_us":177,"name":"Volvo"},
{"id":972,"price_us":674,"name":"Isuzu"},
{"id":973,"price_us":605,"name":"Toyota"},
{"id":974,"price_us":506,"name":"Chevrolet"},
{"id":975,"price_us":626,"name":"Ford"},
{"id":976,"price_us":349,"name":"Mercedes-Benz"},
{"id":977,"price_us":902,"name":"Volvo"},
{"id":978,"price_us":813,"name":"Mazda"},
{"id":979,"price_us":666,"name":"Jeep"},
{"id":980,"price_us":397,"name":"Honda"},
{"id":981,"price_us":175,"name":"Ford"},
{"id":982,"price_us":129,"name":"Volvo"},
{"id":983,"price_us":603,"name":"GMC"},
{"id":984,"price_us":164,"name":"Honda"},
{"id":985,"price_us":913,"name":"Dodge"},
{"id":986,"price_us":942,"name":"Mitsubishi"},
{"id":987,"price_us":555,"name":"Ford"},
{"id":988,"price_us":1000,"name":"Mercury"},
{"id":989,"price_us":918,"name":"Honda"},
{"id":990,"price_us":922,"name":"GMC"},
{"id":991,"price_us":811,"name":"Hyundai"},
{"id":992,"price_us":224,"name":"Chevrolet"},
{"id":993,"price_us":456,"name":"Mitsubishi"},
{"id":994,"price_us":958,"name":"Pontiac"},
{"id":995,"price_us":992,"name":"Volkswagen"},
{"id":996,"price_us":632,"name":"Dodge"},
{"id":997,"price_us":186,"name":"Mitsubishi"},
{"id":998,"price_us":777,"name":"Mercedes-Benz"},
{"id":999,"price_us":789,"name":"Hyundai"},
{"id":1000,"price_us":198,"name":"Mercedes-Benz"}]